{"cameraMode":{"drawMode":0,"name":"Shaded","section":"Shading Mode"},"sceneLighting":false,"audioPlay":false,"sceneViewState":{"showFog":true,"showMaterialUpdate":false,"showSkybox":false,"showFlares":true,"showImageEffects":true,"showParticleSystems":true},"in2DMode":false,"pivot":{"x":0.6149595379829407,"y":1.8152594566345215,"z":-0.1502455472946167},"rotation":{"x":0.012221835553646088,"y":0.9846200346946716,"z":-0.15637271106243134,"w":0.07695651054382324},"size":0.9602035880088806,"orthographic":false}