{"cameraMode":{"drawMode":0,"name":"Shaded","section":"Shading Mode"},"sceneLighting":true,"audioPlay":false,"sceneViewState":{"showFog":true,"showMaterialUpdate":false,"showSkybox":true,"showFlares":true,"showImageEffects":true,"showParticleSystems":true},"in2DMode":false,"pivot":{"x":-26.174833297729493,"y":-5.3547821044921879,"z":-21.172584533691408},"rotation":{"x":-0.032094791531562808,"y":0.9018910527229309,"z":-0.06804976612329483,"w":-0.42536333203315737},"size":20.305843353271486,"orthographic":false}