{"cameraMode":{"drawMode":0,"name":"Shaded","section":"Shading Mode"},"sceneLighting":false,"audioPlay":false,"sceneViewState":{"showFog":true,"showMaterialUpdate":false,"showSkybox":false,"showFlares":true,"showImageEffects":true,"showParticleSystems":true},"in2DMode":false,"pivot":{"x":0.0,"y":-10.760047912597657,"z":92.9083480834961},"rotation":{"x":0.1692311018705368,"y":-0.10327879339456558,"z":0.017834559082984926,"w":0.9799898862838745},"size":103.99883270263672,"orthographic":true}