{"cameraMode":{"drawMode":0,"name":"Shaded","section":"Shading Mode"},"sceneLighting":true,"audioPlay":false,"sceneViewState":{"showFog":true,"showMaterialUpdate":false,"showSkybox":true,"showFlares":true,"showImageEffects":true,"showParticleSystems":true},"in2DMode":false,"pivot":{"x":916.189453125,"y":444.7984619140625,"z":-101.40709686279297},"rotation":{"x":0.08655877411365509,"y":0.42757752537727358,"z":-0.041174087673425677,"w":0.8988832235336304},"size":39.980987548828128,"orthographic":false}